Id;Aanduiding;Footprint;Hoeveelheid;Orientatie;Leverancier en ref
1;U1,U2;SOIC-20W_7.5x15.4mm_P1.27mm;2;SN74LVC245APW;
2;J1;PinHeader_1x03_P2.54mm_Vertical;1;Debug;
3;R4,R3;R_0805_2012Metric;2;330;
4;J2;PinHeader_2x10_P2.54mm_Vertical_NR_PER_ROW;1;To ACSI;
5;J3;PinHeader_1x06_P2.54mm_Vertical;1;To SD card;
6;D1,D2;LED_0805_2012Metric;2;LED;
7;C6,C3,C4,C2;C_0805_2012Metric;4;100n;
8;U3;SOIC-14_3.9x8.7mm_P1.27mm;1;SN74LS07;
9;C1,C5;C_0805_2012Metric;2;10 µF;
10;A1;RaspberryPi_Pico_Common_THT;1;RaspberryPi_Pico_W;
11;R2,R1;R_0805_2012Metric;2;3K3;
